idUser	userName	firstName	lastName	profilePicture	contactPhone	mainPhone	mobilePhone	email	password	createdAt	updatedAt	lastAccess
1	Guest	Unregistered	User	""	""	""	""	""	""			
2	Sarah	Sarah	McLachlin	""	""	123456789	""	""	""			
3	Naura2	Naura	Chel	""	""	587589914	""	""	""			
4	JaneTho	Jane	Dow	""	""	""	658974123	""	""			
5	Bobcat	Bob	DerBauer	""	""	6541239874	""	""	""			
6	Alice	Alicia	Karo	""	""	""	9517534562	""	""			
7	buffy	Buffy	Sommers	""	""	""	6543214567	""	""			
8	Ed	Eduard	McGyver	""	""	""	9874561258	""	""			
9	John	John	Wick	""	""	""	""	""	""			
10	Ron	Ronaldo	Nakamura	""	""	""	""	""	""			
11	Flow	Florence	Van Bayern	""	""	""	""	""	""			
12	Diallo	Diallo	Farka Toure	""	""	""	""	""	""			
13	spiderman	Spider	Man	""	""	""	""	""	""			
14	batman	Bat	Mann	""	""	""	""	""	""			
15	wonderwoman	Wonder	Woman	""	""	""	""	""	""			
16	yoko	Yoko	Kanno	""	""	""	""	""	""			
17	Lore	Laurence	Platini	""	""	""	""	""	""			
18	rick	Ricardo	Versace	""	""	""	""	""	""			
